{
  "roc_auc": 0.5055980294936182,
  "report": {
    "0": {
      "precision": 0.6056022408963585,
      "recall": 0.7434662998624484,
      "f1-score": 0.6674899660389009,
      "support": 1454.0
    },
    "1": {
      "precision": 0.3934959349593496,
      "recall": 0.2558139534883721,
      "f1-score": 0.31005765534913515,
      "support": 946.0
    },
    "accuracy": 0.55125,
    "macro avg": {
      "precision": 0.499549087927854,
      "recall": 0.49964012667541025,
      "f1-score": 0.48877381069401804,
      "support": 2400.0
    },
    "weighted avg": {
      "precision": 0.5219970053061875,
      "recall": 0.55125,
      "f1-score": 0.5266020635753516,
      "support": 2400.0
    }
  },
  "confusion_matrix": [
    [
      1081,
      373
    ],
    [
      704,
      242
    ]
  ],
  "samples": 12000
}
